question_id,question,ground_truth,final_answer,is_correct,majority_votes,num_agents,num_rounds
5a7613c15542994ccc9186bf,VIVA Media AG changed it's name in 2004. What does their new acronym stand for?,Gesellschaft mit beschränkter Haftung,"The new acronym ""GmbH"" stands for ""Gesellschaft mit beschränkter Haftung,"" which translates to ""company with limited liability"" in English.",True,"The new acronym ""GmbH"" stands for ""Gesellschaft mit beschränkter Haftung,"" which translates to ""company with limited liability"" in English.",3,2
5adf2fa35542993344016c11,Which of Jonny Craig and Pete Doherty has been a member of more bands ?,"Jonny"" Craig",Jonny Craig has been a member of more bands than Peter Doherty.,True,Jonny Craig has been a member of more bands than Peter Doherty.,3,2
5adfdef9554299025d62a36b,Where was the first governor after the The Missouri Compromise from?,"Bath, Maine",The first governor after The Missouri Compromise was from Maine.,False,The first governor after The Missouri Compromise was from Maine.,3,2
5a7180205542994082a3e856,"The creator of ""Wallace and Gromit"" also created what animation comedy that matched animated zoo animals with a soundtrack of people talking about their homes? ",Creature Comforts,Creature Comforts,True,Creature Comforts,3,2
5a78bc6b554299148911f979,Woman's Era and Naj are what kind of magazines?,fortnightly women interest magazine,"Woman's Era and Naj are women's magazines focusing on women's interests, lifestyle, and related topics.",False,"Woman's Era and Naj are women's magazines focusing on women's interests, lifestyle, and related topics.",3,2
5abdd0f15542991f6610604d,The Rome Protocols were signed by three Prime Ministers one of which was assassinated as part of what?,a failed coup attempt,Engelbert Dollfuss was assassinated as part of a failed coup attempt by Nazi agents.,True,Engelbert Dollfuss was assassinated as part of a failed coup attempt by Nazi agents.,3,2
5a8e27d45542995a26add46a,Jaclyn Stapp is married to the former frontman of a band that disbanded in what year?,2004,Creed disbanded in 2004.,True,Creed disbanded in 2004.,3,2
5a881d2355429938390d3eeb, If You Ever Get Lonely was covered by what Lyric Street Records-affiliated band?,Love and Theft,Love and Theft,True,Love and Theft,3,2
5ae4a1ef55429970de88d9e7,When was the  Argentine former footballer which  Dutch manager Ronald Koeman replaced in  2014–15 Southampton F.C. season born,2 March 1972,"Mauricio Pochettino, the Argentine former footballer, was born on March 2, 1972.",False,"Mauricio Pochettino, the Argentine former footballer, was born on March 2, 1972.",3,2
5ae6f2a7554299572ea5464a,"Which character does this protagonist, who secretly loves and marries a member of the rival house, of William Shakespeare's tragedy that has a fictional character Benvolio slay?",Tybalt,Tybalt,True,"Romeo slays Tybalt, who is Juliet's cousin, in a duel.",3,2
5a845d735542996488c2e52e,Stronger Together was used for the campaign comprised of the Vice Presidential candidate who was a Senator from what state?,Virginia,Virginia,True,Virginia,3,2
5adf5daf5542995534e8c79d,Are Darren Benjamin Shepherd and Rémi Lange both American?,no,"Darren Benjamin Shepherd is American, while Rémi Lange is French.",False,"Darren Benjamin Shepherd is American, while Rémi Lange is French.",3,2
5a7c49dc55429935c91b514f,"The head of the Foreign Relations Department of the Rastriya Janashakti Party holds a degree that can be abbreviated MS, M.S., or ScM, in what field?",Engineering,Engineering,True,Engineering,3,2
5abe364e5542993f32c2a08e,"Lollipop Chainsaw featured Juliet Starling, who was voiced by a Canadian-American actress who has done voice roles for what Teen Titans spinoff series?",Teen Titans Go!,"The Teen Titans spinoff series Tara Strong has done voice roles for is ""Teen Titans Go!"".",True,Teen Titans Go!,3,2
5ac557975542993e66e8231c,"What team was led to victory in 1939 by a two-time All-American basketball player nicknamed ""Scat""?",Oklahoma Sooners,"The team led to victory in 1939 by the two-time All-American basketball player nicknamed ""Scat"" was the Oklahoma Sooners men's basketball team.",True,"The team led to victory in 1939 by the two-time All-American basketball player nicknamed ""Scat"" was the University of Oklahoma Sooners.",3,2
5ab28a87554299449642c8ec,"This expansion of the 2008 magazine article ""Is Google Making Us Stoopid?"" was a finalist for what award?",Pulitzer Prize,"The expansion of the 2008 magazine article ""Is Google Making Us Stoopid?"" by Nicholas G. Carr, which became the book ""The Shallows: What the Internet Is Doing to Our Brains,"" was a finalist for the 2011 Pulitzer Prize in General Nonfiction.",True,"The expansion of the 2008 magazine article ""Is Google Making Us Stoopid?"" was a finalist for the Pulitzer Prize in General Nonfiction.",3,2
5adff056554299603e4183cc,What year did The Chronicle of Philanthropy's publishing overlap with Antic?,1988,There was no publishing overlap between The Chronicle of Philanthropy and Antic.,False,The Chronicle of Philanthropy's publishing overlapped with Antic magazine from 1988 to June/July 1990.,3,2
5abd578a5542993062266c5d,The W. H. Shipman House is in what Hawaii county?,Hawaii County,The W. H. Shipman House is in Hawaii County.,True,The W. H. Shipman House is in Hawaii County.,3,2
5a7b537555429927d897bf90,The trophy given to the winner of the college football game between University of Idaho Vandals and University of Montana Grizzlies is derived from which European culture?,German,"The trophy given to the winner of the college football game between University of Idaho Vandals and University of Montana Grizzlies, known as The Little Brown Stein, is derived from German culture.",True,The trophy given to the winner of the college football game between University of Idaho Vandals and University of Montana Grizzlies is derived from German culture.,3,2
5a7dc3275542997cc2c4749c,What stadium does the team who has Kent Baer as the defensive coordinator play its home games?,Sam Boyd Stadium,The team for which Kent Baer is the defensive coordinator plays its home games at Sam Boyd Stadium.,True,The team for which Kent Baer is the defensive coordinator plays its home games at Sam Boyd Stadium.,3,2
5ab5487b554299494045ef68,Operation Cold Comfort was a failed raid by a special forces unit founded in what year?,1941,The Special Air Service (SAS) was founded in 1941.,True,The SAS was founded in 1941.,3,2
5ac2758b55429963665199c3,The organization that Nicolae Titulescu served two terms as president was founded on what date?,10 January 1920,"The League of Nations, where Nicolae Titulescu served two terms as President of the General Assembly, was founded on 10 January 1920.",True,"The League of Nations, where Nicolae Titulescu served two terms as President of the General Assembly, was founded on 10 January 1920.",3,2
5ab7f97a5542991d322237ef,"What is Opry Mills in Nashville, Tennessee?",super-regional shopping mall,"Opry Mills in Nashville, Tennessee is a super-regional shopping mall that opened in 2000 on the former site of the Opryland USA theme park.",True,"Opry Mills in Nashville, Tennessee is a super-regional shopping mall that opened in 2000 on the former site of the Opryland USA theme park.",3,2
5a81e107554299676cceb12a,Ed Oxenbould plays Tyler in a film directed by which famous director?,M. Night Shyamalan,M. Night Shyamalan,True,M. Night Shyamalan,3,2
5ab6f7415542991d322236f4,Sadok Sassi played for a national team that made its first World Cup in what year?,1978,The Tunisia national football team made its first World Cup appearance in the year 1978.,True,Sadok Sassi played for a national team that made its first World Cup appearance in 1978.,3,2
5ac562985542993e66e823ca,Otterington railway station was on a 393 mi major railway that linked Edinburgh to what city?,London,London,True,London,3,2
5a87bd4e5542994846c1cde0,Are both Coldplay and Pierre Bouvier from the same country?,no,"No, Coldplay is a British band, and Pierre Bouvier is Canadian, so they are not from the same country.",True,"No, Coldplay is a British band, and Pierre Bouvier is Canadian, so they are not from the same country.",3,2
5aba52e655429939ce03dc94,This term about a playwright who lived from 1564-1616 presented what about his works? ,chronological collection of critical quotations,"The term ""Timeline of Shakespeare criticism"" likely presents a chronological collection of critical quotations that illustrate the changing perception and growing recognition of William Shakespeare as the supreme playwright and poet of the English language from the late 17th century onwards.",True,"The term ""Timeline of Shakespeare criticism"" likely presents the evolution of critical opinions about William Shakespeare's works from his own time, where he was rated as merely one among many talented playwrights and poets, to the late 17th century and beyond, where he has been considered the supreme playwright and poet of the English language.",3,2
5ab58f9a554299488d4d99da,"What is the birthday of this Anglo-Irish actress, courtean, and mistress, who was the mother to the illegitimate daughter of King William IV?",22 November,"The birthday of Elizabeth Hay, Countess of Erroll, who was the mother to the illegitimate daughter of King William IV, is 17 January 1801.",False,22 November 1761,3,2
5ae67def5542991bbc9760f3,Kenneth L. Gile is the Chief Operating Officer of an airline with its head office in what airport?,Dubai International Airport,Dubai International Airport,True,Dubai International Airport,3,2
5adeb78a554299728e26c77a,In what state is the manufacturer of Bisquick headquartered?,Minnesota,"The manufacturer of Bisquick, General Mills, is headquartered in Golden Valley, Minnesota.",True,Minnesota,3,2
5ae66d515542992ae0d16346,"In what year was the singer who popularized ""I'll Keep the Lovelight Burning"" born?",1927,"The singer who popularized ""I'll Keep the Lovelight Burning,"" Patti Page, was born in 1927.",True,"The singer who popularized ""I'll Keep the Lovelight Burning"" was born in 1927.",3,2
5a8e60ca5542995a26add4d9,In which movie the Stephanie Kay Panabaker was alongside with her elder sister Danielle Nicole Panabaker?,"""Read It and Weep"" (2006)","Stephanie Kay Panabaker was alongside her elder sister Danielle Nicole Panabaker in the Disney film ""Read It and Weep"" (2006).",True,Stephanie Kay Panabaker did not star in a movie alongside her elder sister Danielle Nicole Panabaker.,3,2
5a72a2935542991f9a20c546,Is Velvetpark or Shape magazine written more for a lesbian and queer-identified female readership?,Velvetpark,Velvetpark is more likely to be written for a lesbian and queer-identified female readership compared to Shape magazine.,True,Velvetpark is likely written more for a lesbian and queer-identified female readership compared to Shape magazine.,3,2
5a7f7b3b5542992097ad2f81,"Which restaurant chain's headquarters is further north, Pizza Inn or Papa Gino's?",Papa Gino's,Papa Gino's headquarters is further north than Pizza Inn's headquarters.,True,Papa Gino's headquarters is further north than Pizza Inn's headquarters.,3,2
5a82ebb855429966c78a6a9c,whats the famous bavagheet by arun date?,Shukratara,"The famous Bhavageete by Arun Date is ""Shukratara.""",True,"The famous Bhavageete by Arun Date is ""Shukratara.""",3,2
5add596f5542990dbb2f7e4d,"Grown-Ups starred the actor who was best known for which role on  ""'Allo 'Allo!""?",Captain Hans Geering,"Captain Hans Geering in ""'Allo 'Allo!""",True,"Captain Hans Geering in ""'Allo 'Allo!""",3,2
5ac4db1d554299076e296e1a,who is a British physicist  and also a  British government's chief scientific adviser,Frederick Alexander,"Frederick Alexander Lindemann, 1st Viscount Cherwell",True,"Frederick Alexander Lindemann, 1st Viscount Cherwell",3,2
5ac532335542994611c8b41c,Howard Van Doren Shaw was the designer of which 1917 Progressive Era community? ,Marktown,Marktown,True,Marktown,3,2
5ae7a8d35542994a481bbdbb,Which contest in California pays homage to an American novelist that won the Novel Prize in Literature in 1954?,The Bad Hemingway Contest,"The contest in California paying homage to an American novelist who won the Nobel Prize in Literature in 1954 is The International Imitation Hemingway Competition, also known as ""The Bad Hemingway Contest,"" which honors Ernest Hemingway.",True,"The International Imitation Hemingway Competition or ""The Bad Hemingway Contest"" in Century City, California pays homage to Ernest Hemingway, the American novelist who won the Nobel Prize in Literature in 1954.",3,2
5a8db348554299068b959dc2,"What is the subsidiary of the record company who released ""Love Incredible?""",Vivendi S.A.,"The subsidiary of the record company that released ""Love Incredible"" is Interscope Geffen A&M Records.",False,"The subsidiary of the record company that released ""Love Incredible"" is Interscope Geffen A&M Records.",3,2
5adcbb815542994ed6169bde,"Beer Wars covers the differences between large corporate breweries, and small breweries, such as what brewery that is headquartered in Escondido, california?",Stone Brewing,"The brewery headquartered in Escondido, California, mentioned in Beer Wars is Stone Brewing Co.",True,Stone Brewing Co.,3,2
5ab915ad55429919ba4e239c,"Who did Muhummad Ali fight next, in Houston, after the so-called Fight of the Century with Joe Frazier?",Jimmy Ellis,Muhammad Ali fought Jimmy Ellis next in Houston after the Fight of the Century with Joe Frazier.,True,"Following his fight with Jimmy Ellis, Muhammad Ali's next match in Houston was against Buster Mathis on November 17, 1971, at the Sam Houston Coliseum.",3,2
5ab94fa25542996be2020474,"What is represented on the cover art of the studio album that includes the song ""Speed of Sound""?",Baudot code,"The cover art of the studio album ""X&Y"" by Coldplay includes an abstract representation of the album title ""X&Y"" in the Baudot code.",True,"The cover art of the studio album ""X&Y"" by Coldplay includes an abstract representation of the album title ""X&Y"" in the Baudot code.",3,2
5a7ca0ef55429907fabeefd3,"Which professional tennis player was born first, Lucie Hradecká or Raffaella Reggi?",Raffaella Reggi,Raffaella Reggi was born first before Lucie Hradecká.,True,Raffaella Reggi was born first.,3,2
5a7a5b3a5542996c55b2dd71,What building is opposite the ceremonial meeting place of the Accession Council in the United Kingdom?,Mark Masons' Hall,Mark Masons' Hall,True,Mark Masons' Hall,3,2
5abbd3ac55429931dba1458b,Are both Duke Energy and Affiliated Managers Group based in Massachusetts?,no,"No, Duke Energy is not based in Massachusetts, but Affiliated Managers Group Inc. is based in Massachusetts.",True,"No, Duke Energy is not based in Massachusetts, but Affiliated Managers Group Inc. is based in Massachusetts.",3,2
5ac3af895542995ef918c1f0,Janne Kyttanen has had work exhibited at which modern art museum in Amsterdam?,Stedelijk Museum Amsterdam,Janne Kyttanen has had work exhibited at the Stedelijk Museum Amsterdam.,True,Janne Kyttanen has had work exhibited at the Stedelijk Museum Amsterdam.,3,2
5a72dcb45542992359bc31af,What company did Rex Maughan aquire?,Aloe Vera of America,Rex Maughan acquired Aloe Vera of America.,True,Rex Maughan acquired Aloe Vera of America.,3,2
5ae1e22a5542997f29b3c160,"The role of ""Celene"" in the film ""Walk All over Me"" was played by an actress that voices what role in the ""Starcraft 2"" triolgy?",Sarah Kerrigan,"Tricia Helfer voiced the character Sarah Kerrigan, the Queen of Blades, in the ""Starcraft 2"" trilogy.",True,"Tricia Helfer voiced the character Sarah Kerrigan, the Queen of Blades, in the ""Starcraft 2"" trilogy.",3,2
5ae6316d5542996de7b71b87,Which FC Barcelona signee was a contender for the Rookie of the Year Award when he played for the Timberwolves?,Ricard Rubio i Vives,Ricky Rubio,False,Ricky Rubio,3,2
5ade4801554299728e26c6ab,Wolf and Sheep was screened at which 2016 film festival?,69th Cannes Film Festival,The film Wolf and Sheep was screened at the 2016 Cannes Film Festival.,False,Wolf and Sheep was screened at the 2016 Cannes Film Festival.,3,2
5a9064c755429916514e74a6,What is the first name of Jack Benny Binion's father?,Lester,Lester.,True,Lester.,3,2
5addc79d5542995b365fab7b,"Which episode of SpongeBob SquarePants aired first, The Clash of Triton or To SquarePants or Not to SquarePants?""",To SquarePants or Not to SquarePants,"""To SquarePants or Not to SquarePants"" aired first.",True,"""To SquarePants or Not to SquarePants"" likely aired before ""The Clash of Triton"" in the series ""SpongeBob SquarePants.""",3,2
5ac097b05542996f0d89cc18,"Are Ruggero Deodato from Italy, and Mexican Alejandro Springall, both film directors?",yes,"Yes, both Ruggero Deodato from Italy and Alejandro Springall from Mexico are film directors.",True,"Yes, both Ruggero Deodato from Italy and Alejandro Springall from Mexico are film directors.",3,2
5a79caad5542994f819ef09f,Which professional baseball player was born in 1984 and played as a rookie for the Los Angeles Dogers in 2007?,Matthew Ryan Kemp,Matt Kemp,False,Matt Kemp,3,2
5a83a31c554299123d8c2179,Who is the lead vocalist for Maroon 5's sixth studio album?,Adam Levine,Adam Levine,True,The lead vocalist for Maroon 5's sixth studio album is Adam Levine.,3,2
5a72830e5542994cef4bc2f9,"Where is the company that distributed XXXTentacion's single ""Revenge"" based?","San Francisco, California","Empire Distribution, the company that distributed XXXTentacion's single ""Revenge"", is based in San Francisco, California, United States.",True,"Empire Distribution, the company that distributed XXXTentacion's single ""Revenge,"" is based in San Francisco, California.",3,2
5abaca935542996606241610,"""Text Me Merry Christmas"" is a song performed by Kristen Bell and a group that originated at what univeristy?",Indiana University,Straight No Chaser originated at Indiana University.,True,The a cappella group Straight No Chaser originated at Indiana University.,3,2
5ae0a59a55429945ae9593e2,This Celtic ruler who was born in AD 43 ruled southeastern Britain prior to conquest by which empire?,Roman,The Roman Empire,True,The Roman Empire,3,2
5ab700ca5542991d32223736,"Which other film did one of the supporting cast in ""Sleepless in Seattle"" appear?","""Now and Then"" (1995)",Independence Day,False,Independence Day,3,2
5a8bd49d5542997f31a41dd7,"Who is this American cartoonist, writer, producer, animator, and voice actor that worked with this multiple Shuster Award, Harvey Award and Eisner Award nominee and an Eisner Award–winning comic book creator?",Matt Groening,"The American cartoonist, writer, producer, animator, and voice actor mentioned in the question is most likely Matt Groening.",True,Matt Groening,3,2
5ae4d3a55542990ba0bbb164,What creature of American folklore gained notoriety in 1964?,Dewey Lake Monster,The creature of American folklore that gained notoriety in 1964 is the Dewey Lake Monster or Michigan Bigfoot.,True,Bigfoot or Sasquatch gained notoriety in 1964.,3,2
5ab29346554299545a2cf997,"What CBS-affiliated station serves Pontotoc County, Oklahoma?",KXII,KXII,True,"KXII is the CBS-affiliated station that serves Pontotoc County, Oklahoma.",3,2
5a776fc15542997042120a3a,What is the mascot of the oldest private university in Georgia?,The Bears,"The mascot of the oldest private university in Georgia, Mercer University, is the Mercer Bears.",True,"The mascot of the oldest private university in Georgia, Mercer University, is the Mercer Bears.",3,2
5ab3ede755429976abd1bcf4,Who directed the 1940 film in which John Arledge appeared?,John Ford,John Ford,True,The 1940 film in which John Arledge appeared was directed by John Ford.,3,2
5a80071f5542992bc0c4a684,Alice David is the voice of Lara Croft in a video game developed by which company ?,Crystal Dynamics,Crystal Dynamics,True,Crystal Dynamics,3,2
5ae08a0455429924de1b70fc,"Which German project recorded a song that featured vocals by a duo from Silverdale, England?",Enigma,"Enigma recorded the song ""Amen"" that featured vocals by the duo Aquilo from Silverdale, England.",True,"Enigma recorded the song ""Amen"" featuring vocals by the duo Aquilo from Silverdale, England.",3,2
5ab484415542990594ba9c44,"Which facility was founded in Missouri, Discovery Zone or Valentino's?",Discovery Zone,Discovery Zone (DZ) was founded in Missouri.,True,Discovery Zone,3,2
5a811667554299260e20a23d,What occupations do both Ian Hunter and Rob Thomas have?,"singer, songwriter",Both Ian Hunter and Rob Thomas have occupations as musicians and singer-songwriters.,False,Both Ian Hunter and Rob Thomas have occupations as musicians and singer-songwriters.,3,2
5a81c7d15542990a1d231ea9,Which services did Rock Nominees Ltd and  ISS A/S (Integrated Service Solutions) have in common?,"cleaning, catering and security",Cleaning services,False,Rock Nominees Ltd and ISS A/S (Integrated Service Solutions) had cleaning services in common through their involvement with RCO (Holdings) plc.,3,2
5a716ec85542994082a3e82d,"Which movie was filmed first ""The Guest"" or ""You're Next""?",You're Next,"""You're Next"" was filmed before ""The Guest.""",True,"""You're Next"" was filmed before ""The Guest.""",3,2
5ade25ed5542997c77aded70,During what war were the Russia-United Kingdom relations in a state of rivalry after the abdication of Emperor Nicholas II? ,the Cold War (1947–91),The state of rivalry between Russia and the United Kingdom after the abdication of Emperor Nicholas II was during World War I.,False,World War I,3,2
5a89dd4d554299669944a5e3,"Flower Alley was bred by the trainer who was killed at what Fayette County, Kentucky airport?",Blue Grass Airport,"George Brunacini, the breeder of Flower Alley, was killed at Blue Grass Airport in Lexington, Kentucky.",True,"George Brunacini, the breeder of Flower Alley, was killed at Blue Grass Airport in Lexington, Kentucky.",3,2
5abba3cd554299642a094aee,"How many different schools does the university, in which Andrew J. Elliot is a professor of psychology, have?",six,The University of Rochester has six different schools.,True,The University of Rochester has six different schools.,3,2
5ac540365542994611c8b470,"Loughborough Students' Union serves the students at what public research university that has been a university since 1966, but the institution dates back to 1909?",Loughborough University,Loughborough University,True,Loughborough Students' Union serves the students at Loughborough University.,3,2
5ae199305542997b2ef7d20e,In what european city is a location of the college from which the woman known as Comic Book Girl 19 received her degree?,"Lacoste, France","Lacoste, France",True,"Lacoste, France",3,2
5ae789615542997ec2727695,Kam Heskin plays Paige Morgan in a 2004 film directed by who?,Martha Coolidge,Martha Coolidge,True,Martha Coolidge,3,2
5a75e67d5542992db9473709,"What was a series of battles during the Revolutionary War, for control of New York City and the state of New Jersey, fought on October 28, 1776 near White Plains, New York?",New York and New Jersey campaign,"The series of battles fought on October 28, 1776 near White Plains, New York, for control of New York City and the state of New Jersey, was the Battle of White Plains during the American Revolutionary War.",False,"The series of battles during the Revolutionary War, for control of New York City and the state of New Jersey, fought on October 28, 1776 near White Plains, New York, was the New York and New Jersey campaign.",3,2
5a8a5a1955429930ff3c0da7,"In what year was the Sayrevill, New Jersey rock band that Frankie LaRocka played drums for formed?",1983,"The Sayreville, New Jersey rock band that Frankie LaRocka played drums for, Bon Jovi, was formed in 1983.",True,"The Sayreville, New Jersey rock band that Frankie LaRocka played drums for, Bon Jovi, was formed in 1983.",3,2
5a7bc0755542995eb53be9a5,The series of novels that reference numerous locations and incorporates themes from multiple genres is titled what?,The Dark Tower,"The series of novels that reference numerous locations and incorporates themes from multiple genres is titled ""The Dark Tower.""",True,"The series of novels that reference numerous locations and incorporates themes from multiple genres is titled ""The Dark Tower.""",3,2
5ae7535c5542997b22f6a6d8,The 53rd National Hockey League All-Star Game took place at the indoor arena that was completed in what year?,1998,The indoor arena where the 53rd National Hockey League All-Star Game took place was completed in 1998.,True,"The indoor arena, the BB&T Center in Sunrise, Florida, where the 53rd National Hockey League All-Star Game was held in 2003, was completed in 1998.",3,2
5adf95745542995534e8c7f8,Where does Śivarāma Swami conduct courses on Vaishnava Theology?,in the village of Aldenham,"Śivarāma Swami conducts courses on Vaishnava Theology at Bhaktivedanta Manor in Aldenham near Watford, Hertfordshire, England.",False,"Śivarāma Swami conducts courses on Vaishnava Theology at Bhaktivedanta Manor in Aldenham near Watford, Hertfordshire, England.",3,2
5adf3c155542993a75d2643a,What is the given name of the character depicted as Juliet Hulme in Heavenly Creatures?,Anne Perry,Juliet Marion,False,Juliet Marion,3,2
5ac1a6bf5542991316484b8d,"In what state did this band form that is an American metalcore band, founded in mid-2009, and whose lead vocalist was Jerry Roush?",California,Glass Cloud was formed in Virginia.,False,Glass Cloud was formed in the state of Virginia.,3,2
5a87b2fc5542996e4f3088d0,"Who wrote the book that inspired the name of the CD/DVD ""Here at the End of All Things""?",J. R. R. Tolkien,J. R. R. Tolkien,True,J. R. R. Tolkien,3,2
5a807ca5554299485f598613,Where was the original line of the railroad William Howard worked for?,the port of Baltimore west to Sandy Hook,"The original line of the railroad William Howard worked for, the Baltimore and Ohio Railroad, ran from the port of Baltimore west to Sandy Hook in Maryland.",True,"The original line of the railroad William Howard worked for, the Baltimore and Ohio Railroad, ran from the port of Baltimore west to Sandy Hook in Maryland.",3,2
5adf1b8a5542995534e8c750,What band did Gator Country guitarist that co-wrote Bloody Reunion come from?,Molly Hatchet,Molly Hatchet,True,Molly Hatchet,3,2
5a87081755429960ec39b6fe,"Jessica Jones is a television series created for Netflix, the second in the series of the shows that lead to ""The Defenders"" miniseries after what show released on Netflix earlier?",Daredevil,"The show that was released on Netflix earlier than ""Jessica Jones"" and led to ""The Defenders"" miniseries is ""Marvel's Daredevil.""",True,"The show released on Netflix earlier than Marvel's Jessica Jones, which is the first in the series leading to ""The Defenders"" miniseries, is ""Marvel's Daredevil.""",3,2
5ab322b1554299194fa93570,"Which type of character is featured by the P.L. Travers's third book and last novel in the ""Mary Poppins"" series?",fictional character,"The type of character featured in P.L. Travers's third book and last novel in the ""Mary Poppins"" series, titled ""Mary Poppins Opens the Door,"" is most likely a magical or fantastical character.",False,"The type of character featured in P.L. Travers's third book and last novel in the ""Mary Poppins"" series, ""Mary Poppins Opens the Door,"" could be a character with magical or extraordinary qualities that further enrich the fantastical world of Mary Poppins and the Banks family.",3,2
5a80721b554299485f5985ef,"The Livesey Hal War Memorial commemorates the fallen of which war, that had over 60 million casualties?",World War II,The Livesey Hall War Memorial commemorates the fallen of World War II.,True,The Livesey Hall War Memorial commemorates the fallen of World War II.,3,2
5a85fb085542994775f606de,What is the name of the executive producer of the film that has a score composed by Jerry Goldsmith?,Ronald Shusett,The executive producer of the film that has a score composed by Jerry Goldsmith is Ronald Shusett.,True,Ronald Shusett,3,2
5a79c1335542994bb9457066,Eric Ambler and Carol Shields are both best Known for what profession?,author,Both Eric Ambler and Carol Shields are best known as authors.,True,Both Eric Ambler and Carol Shields are best known as authors.,3,2
5a774e9c55429972597f14f3,David Huntsinger has worked with this gospel singer born in the month of July?,Larnelle Harris,Larnelle Harris,True,Larnelle Steward Harris,3,2
5adcdea85542992c1e3a2441,What film adaptation do both Jerome Bernard and Ira Lewis have in common?,Chinese Coffee,"The film adaptation of ""Chinese Coffee"" is the film adaptation that both Jerome Bernard and Ira Lewis have in common.",True,"The film adaptation of ""Chinese Coffee"" is the common film adaptation that both Jerome Bernard (Jerry) Orbach and Ira Lewis have in common.",3,2
5ac509e95542994611c8b333,The chicken is a type of dance pattern that is a change of pace of what dance?,the Twist,The Chicken dance is a change of pace of the Twist dance.,True,The Chicken is a change of pace of the Twist dance.,3,2
5a8b42be55429949d91db515,What profession does John Lanchester and Alan Dean Foster have in common?,novelist,Both John Lanchester and Alan Dean Foster share the profession of being authors.,False,John Lanchester and Alan Dean Foster have the profession of being writers in common.,3,2
5ab9b2c7554299743d22ebaf,Are both Lygodium or Maxillaria a genus of orchids?,no,Only Maxillaria is a genus of orchids.,False,"No, only Maxillaria is a genus of orchids.",3,2
5a7b63eb55429931da12ca7e,What city does Paul Clyne and David Soares have in common?,New York,"Albany, New York.",True,Albany,3,2
5a7ea14655429930675135ab,What giant silverware company was started as a religious Utopian group and was for many years run by Pierrepont Noyes?,Oneida Limited,The giant silverware company that was started as a religious Utopian group and was for many years run by Pierrepont Noyes is Oneida Limited.,True,Oneida Limited.,3,2
